UC10-Make terissa as part of sales and marketing department

update Employee_Payroll set department = 'Sales' where name = 'Tersia';
Query OK, 1 row affected (0.12 sec)
Rows matched: 1  Changed: 1  Warnings: 0
 select * from Employee_Payroll;
+----+---------+--------------+---------+------------+--------+-----------+------------+-------------+-----+---------+------------+
| id | name    | phone_number | address | department | gender | basic_pay | deductions | taxable_pay | tax | net_pay | start      |
+----+---------+--------------+---------+------------+--------+-----------+------------+-------------+-----+---------+------------+
|  1 | Bill    | NULL         | NULL    |            | M      |   1000000 |          0 |           0 |   0 |       0 | 2010-10-30 |
|  2 | Tersia  | NULL         | NULL    | Sales      | F      |   2000000 |          0 |           0 |   0 |       0 | 2019-11-13 |
|  3 | Charlie | NULL         | NULL    |            | M      |    300000 |          0 |           0 |   0 |       0 | 2020-05-21 |
+----+---------+--------------+---------+------------+--------+-----------+------------+-------------+-----+---------+------------+
3 rows in set (0.00 sec)
insert into Employee_Payroll(name, department, gender, basic_pay, deductions, taxable_pay, tax, net_pay, start)values('Tersia', 'Marketing', 'F', '3000000', '1000000', '2000000', '500000', '1500000', '2018-01-03' );
Query OK, 1 row affected (0.05 sec)

mysql> select * from Employee_Payroll;
+----+---------+--------------+---------+------------+--------+-----------+------------+-------------+--------+---------+------------+
| id | name    | phone_number | address | department | gender | basic_pay | deductions | taxable_pay | tax    | net_pay | start      |
+----+---------+--------------+---------+------------+--------+-----------+------------+-------------+--------+---------+------------+
|  1 | Bill    | NULL         | NULL    |            | M      |   1000000 |          0 |           0 |      0 |       0 | 2010-10-30 |
|  2 | Tersia  | NULL         | NULL    | Sales      | F      |   2000000 |          0 |           0 |      0 |       0 | 2019-11-13 |
|  3 | Charlie | NULL         | NULL    |            | M      |    300000 |          0 |           0 |      0 |       0 | 2020-05-21 |
|  4 | Tersia  | NULL         | TBD     | Marketing  | F      |   3000000 |    1000000 |     2000000 | 500000 | 1500000 | 2018-01-03 |
+----+---------+--------------+---------+------------+--------+-----------+------------+-------------+--------+---------+------------+
4 rows in set (0.00 sec)